language	lon	lat	ALIGNMENT|Compare PROG-PAST|PAST_A=PROG_O	ALIGNMENT|Compare PROG-PAST|PROG_A=PST_O	ALIGNMENT|Compare PROG-PAST|PROG_So=PST_So	ALIGNMENT|Noun: Present Progressive|N:PROG: O=So?	ALIGNMENT|Noun: Present Progressive|N:PROG:A=O?	ALIGNMENT|Noun: Present Progressive|N:PROG:A=Sa?	ALIGNMENT|Noun: Present Progressive|N:PROG:Sa=So?	ALIGNMENT|Noun: Simple Past|N:PST: O=So?	ALIGNMENT|Noun: Simple Past|N:PST:A=O?	ALIGNMENT|Noun: Simple Past|N:PST:A=Sa?	ALIGNMENT|Noun: Simple Past|N:PST:Sa=So?	ALIGNMENT|Pronoun: Present Progressive|P:PROG: O=So?	ALIGNMENT|Pronoun: Present Progressive|P:PROG:A=O?	ALIGNMENT|Pronoun: Present Progressive|P:PROG:A=Sa?	ALIGNMENT|Pronoun: Present Progressive|P:PROG:Sa=So?	ALIGNMENT|Pronoun: Simple Past|P:PST: O=So?	ALIGNMENT|Pronoun: Simple Past|P:PST:A=O?	ALIGNMENT|Pronoun: Simple Past|P:PST:A=Sa?	ALIGNMENT|Pronoun: Simple Past|P:PST:Sa=So?	ALIGNMENT|Reflexive Pronoun in trans. Clause|REFL-ref-A	ALIGNMENT|Reflexive Pronoun in trans. Clause|REFL-ref-O	ALIGNMENT|Verb: Present Progressive|V:PROG: O=So?	ALIGNMENT|Verb: Present Progressive|V:PROG:A=O?	ALIGNMENT|Verb: Present Progressive|V:PROG:A=Sa?	ALIGNMENT|Verb: Present Progressive|V:PROG:Sa=So?	ALIGNMENT|Verb: Simple Past|V:PST: O=So?	ALIGNMENT|Verb: Simple Past|V:PST:A=O?	ALIGNMENT|Verb: Simple Past|V:PST:A=Sa?	ALIGNMENT|Verb: Simple Past|V:PST:Sa=So?	Nominal morphology|Case marking|CASE-ADJ	Nominal morphology|Case marking|CASE-ART	Nominal morphology|Case marking|CASE-FIRST	Nominal morphology|Case marking|CASE-LAST	Nominal morphology|Case marking|CASE-N	Nominal morphology|Definiteness marking|ADJ-DEF	Nominal morphology|Definiteness marking|DEF-FIRST	Nominal morphology|Definiteness marking|DEF-LAST	Nominal morphology|Definiteness marking|DEF.ART	Nominal morphology|Definiteness marking|N-DEF	Nominal morphology|Gender / Noun class|<5 GENDER	Nominal morphology|Gender / Noun class|ANIM	Nominal morphology|Gender / Noun class|M/F	Nominal morphology|Gender / Noun class|NEUTR	Nominal morphology|Gender agreement|PRED-ADJ	Nominal morphology|Nominal cases|<7 Cases	Nominal morphology|Nominal cases|AGG.CASE.NR	Nominal morphology|Nominal cases|AGGL.CASE	Nominal morphology|Nominal cases|DAT	Nominal morphology|Nominal cases|GEN	Nominal morphology|Nominal cases|GEN/DAT	Nominal morphology|Nominal cases|O-case	Nominal morphology|Nominal cases|OBL-Cases	Nominal morphology|Nominal cases|VOC	Nominal morphology|Preposition agreement|PRON-AGR	Nominal morphology|Pronominal Cases|<7 Cases	Nominal morphology|Pronominal Cases|AGGL.CASE	Nominal morphology|Pronominal Cases|AGGL.CASE.NR	Nominal morphology|Pronominal Cases|A≠O	Nominal morphology|Pronominal Cases|DAT≠O	Nominal morphology|Pronominal Cases|OBL-Cases	Nominal morphology|Pronominal Cases|VOC	TENSE|Continous present|Present ????	TENSE|Continous present|Progressive present	TENSE|Future|FUT.AUX	TENSE|Future|FUT.Participle	TENSE|Future|FUT.Particle	TENSE|Future|FUT.Synth	TENSE|Future|PERF.FUT	Verbal morphology|Allocutive agreement|ALLOC	Verbal morphology|present progressive, A|PROG:A-AGR-FULL	Verbal morphology|present progressive, A|PROG:A-Gender-AGR	Verbal morphology|present progressive, A|PROG:NO-A-AGR	Verbal morphology|present progressive, DAT|PROG:DAT-AGR-FULL	Verbal morphology|present progressive, DAT|PROG:DAT-Gender-AGR	Verbal morphology|present progressive, DAT|PROG:NO-DAT-AGR	Verbal morphology|present progressive, O|PROG:NO-O-AGR	Verbal morphology|present progressive, O|PROG:O-AGR-FULL	Verbal morphology|present progressive, O|PROG:O-Gender-AGR	Verbal morphology|simple PAST, A|PST:A-AGR-FULL	Verbal morphology|simple PAST, A|PST:A-Gender-AGR	Verbal morphology|simple PAST, A|PST:NO-A-AGR	Verbal morphology|simple PAST, DAT|PST:DAT-AGR-FULL	Verbal morphology|simple PAST, DAT|PST:DAT-Gender-AGR	Verbal morphology|simple PAST, DAT|PST:NO-DAT-AGR	Verbal morphology|simple PAST, O|PST:NO-O-AGR	Verbal morphology|simple PAST, O|PST:O-AGR-FULL	Verbal morphology|simple PAST, O|PST:O-Gender-AGR	Word order|Adpositions|Post	Word order|Adpositions|Prep	Word order|Clitic pronouns finite verb|2nd position	Word order|Clitic pronouns finite verb|OV	Word order|Clitic pronouns finite verb|VO	Word order|Clitic pronouns infinitive|2nd position	Word order|Clitic pronouns infinitive|OV	Word order|Clitic pronouns infinitive|VO	Word order|Clitic pronouns participle|2nd position	Word order|Clitic pronouns participle|OV	Word order|Clitic pronouns participle|VO	Word order|Infinitive|OV	Word order|Infinitive|VO	Word order|Main clauses|SOV	Word order|Main clauses|SVO	Word order|Main clauses|V2	Word order|Main clauses|VSO	Word order|Noun-Possessor|N-Poss	Word order|Noun-Possessor|Poss-N	Word order|Noun-adjective|AN	Word order|Noun-adjective|NA	Word order|Noun-relative clause|NRel	Word order|Noun-relative clause|RelN	Word order|Participle|OV	Word order|Participle|VO	Word order|Subordinate clause|SOV	Word order|Subordinate clause|SVO	Word order|Subordinate clause|V2	Word order|Subordinate clause|VSO	Word order|WH-element|WH-V	Word order|WH-element|WH-initial
Tocharian_B	81.514435	41.645502	0	0	1	0	0	1	1	0	0	1	1	0	0	1	1	0	0	1	1	NA	NA	0	0	0	1	0	0	0	1	1	0	0	0	1	0	0	0	0	0	0	0	1	0	1	1	1	1	0	1	0	1	1	1	1	0	0	0	1	0	0	0	NA	NA	1	1	0	0	0	0	1	0	0	0	0	1	1	0	0	1	0	0	0	0	1	1	0	0	1	0	0	0	1	0	0	1	0	0	1	1	0	1	0	0	0	0	1	1	0	NA	NA	1	0	1	0	0	0	0	1
Old_Portuguese	-8.629141	41.15818	0	0	1	1	1	1	1	1	1	1	1	0	0	1	1	0	0	1	1	1	0	0	0	1	1	0	0	1	1	0	0	0	0	0	0	1	0	1	0	0	0	1	0	NA	0	0	0	0	0	0	0	0	0	0	0	0	0	1	0	0	0	1	0	1	0	0	1	0	0	1	0	0	0	0	1	1	0	0	0	0	0	0	0	1	1	0	0	0	1	0	0	1	0	0	1	0	0	1	0	1	0	1	0	0	1	0	1	1	1	0	0	1	0	1	0	0	0	1
Danish	12.583182	55.679885	0	0	1	1	1	1	1	1	1	1	1	0	0	1	1	0	0	1	1	1	0	1	1	1	1	1	1	1	1	0	0	0	0	0	1	0	0	0	1	0	0	0	1	1	0	0	0	0	0	0	0	0	0	0	0	0	0	1	0	0	0	1	0	1	0	0	0	0	0	0	0	1	0	0	1	1	0	0	0	0	1	0	0	1	1	0	0	0	1	0	0	0	0	0	0	0	0	0	0	1	0	0	1	0	0	1	1	0	1	0	0	1	0	1	0	0	1	1
Khowar	72.51658	36.457958	0	0	1	0	0	1	1	0	0	1	1	0	0	1	1	0	0	1	1	NA	NA	0	0	1	1	0	0	1	1	0	1	0	0	1	0	1	0	1	0	0	1	0	0	0	0	1	1	0	0	0	1	1	0	0	0	0	0	1	0	0	0	NA	NA	0	0	0	1	0	0	1	0	0	0	0	1	1	0	0	0	0	0	0	0	1	1	0	0	1	0	0	0	0	0	0	0	0	0	0	1	0	1	0	0	0	0	1	1	0	1	0	1	0	1	0	0	0	1	0
Romani_(Sinte)	10.203424	51.4992	0	0	1	0	0	1	1	0	0	1	1	0	0	1	1	0	0	1	1	1	0	0	0	1	1	0	0	1	1	1	1	0	0	1	0	1	0	1	0	0	0	1	0	0	1	1	1	1	1	1	1	1	1	0	0	1	1	1	1	1	0	NA	NA	NA	0	0	0	0	0	0	0	0	0	0	1	1	0	0	0	1	0	0	0	1	1	0	0	0	1	0	0	1	0	0	1	0	0	1	1	1	0	0	1	0	0	1	1	0	1	0	0	1	0	1	0	0	0	1
Oriya	86.278412	20.608549	0	0	1	0	0	1	1	0	0	1	1	0	0	1	1	0	0	1	1	1	NA	0	0	1	1	0	0	1	1	NA	0	0	1	1	0	0	1	0	1	0	0	0	0	0	0	0	0	0	1	0	1	0	0	0	0	0	0	1	0	0	0	NA	1	0	0	0	1	0	0	1	0	0	0	0	1	1	0	0	1	0	0	0	0	1	1	0	0	1	0	0	0	0	0	0	0	0	0	0	1	0	1	0	0	0	0	1	1	0	0	1	1	0	1	0	0	0	1	1
French	2.347857	48.854451	0	0	1	1	1	1	1	1	1	1	1	0	0	1	1	0	0	1	1	1	0	0	0	1	1	0	0	1	1	0	0	0	0	0	0	1	0	1	0	0	0	1	0	1	0	0	0	0	0	0	0	0	0	0	0	0	0	1	0	0	0	1	0	1	0	0	1	0	0	0	0	0	0	0	1	1	0	0	0	0	0	0	0	1	1	0	0	0	1	0	1	0	0	1	0	0	1	0	0	1	0	1	0	0	1	0	0	1	1	0	0	1	0	1	0	0	0	1
German	13.409092	52.520822	0	0	1	0	0	1	1	0	0	1	1	0	0	1	1	0	0	1	1	1	0	0	0	1	1	0	0	1	1	1	1	0	0	1	1	0	0	1	0	0	0	1	1	0	0	0	0	1	1	1	1	0	0	0	0	0	0	1	1	0	0	NA	0	1	0	0	0	0	0	0	0	0	0	0	1	1	0	0	0	0	0	0	0	1	1	0	0	0	1	0	0	0	0	0	0	0	0	0	1	0	0	0	1	0	1	0	1	0	1	0	1	0	1	0	0	0	1	1
Kabardian	43.660641	43.36887	0	0	1	1	0	0	1	1	0	0	1	1	1	1	1	1	1	1	1	1	1	1	0	0	1	1	0	0	1	0	0	0	1	0	0	0	0	0	0	0	0	0	0	NA	0	1	0	0	0	0	1	1	0	0	0	0	0	0	0	NA	0	NA	NA	0	0	0	1	0	0	1	0	0	1	0	0	0	1	0	1	0	0	1	0	0	0	1	0	1	0	0	0	0	0	0	0	0	0	0	NA	NA	1	0	0	0	0	1	0	1	0	0	NA	NA	1	0	0	0	1	0
Manx	-4.484657	54.151988	1	1	1	1	1	1	1	1	1	1	1	1	1	1	1	1	1	1	1	1	0	0	0	1	1	1	1	1	1	0	0	0	0	1	0	0	0	1	1	0	0	1	0	0	0	0	0	1	1	1	0	0	1	1	0	0	0	0	0	0	0	0	1	0	0	0	1	0	0	0	0	0	0	0	1	1	0	0	0	0	1	0	0	1	1	0	0	0	1	0	0	0	0	0	0	0	0	0	0	1	0	0	0	1	1	0	0	1	1	0	0	1	0	0	0	1	1	1
Pashto	68.188804	31.432929	0	1	1	1	1	1	1	1	0	0	1	1	1	1	1	1	0	0	1	NA	NA	0	0	1	1	1	0	0	1	1	0	0	0	1	0	0	0	0	0	0	1	1	0	1	0	1	0	0	0	0	0	1	1	0	0	0	0	0	0	1	0	NA	NA	0	0	1	0	0	0	0	1	0	0	0	1	1	0	0	0	0	1	0	0	1	0	1	1	1	1	1	0	0	1	0	0	1	0	0	1	0	1	0	0	0	0	1	1	0	1	0	1	0	1	0	0	0	0	0
Talysh	48.730017	38.854174	1	1	1	0	0	1	1	1	0	0	1	0	0	1	1	1	0	0	1	1	1	0	0	1	1	0	0	0	1	0	0	0	1	1	0	0	0	0	0	0	0	0	0	0	0	0	0	0	0	0	1	1	1	0	0	0	0	1	0	1	0	NA	NA	0	0	1	0	0	0	1	0	0	0	0	1	1	0	0	0	0	1	0	0	1	0	1	0	1	1	0	1	0	0	1	0	0	1	0	1	0	1	0	0	0	0	1	1	0	1	0	1	0	1	0	0	0	1	0
Old_Italian	11.249249	43.776281	0	0	1	1	1	1	1	1	1	1	1	0	0	1	1	0	0	1	1	1	0	0	0	1	1	0	0	1	1	0	0	0	0	0	0	1	0	1	0	0	0	1	0	1	0	0	0	0	0	0	0	0	0	0	0	0	0	1	0	0	0	1	NA	1	0	0	1	0	0	1	0	0	0	0	1	1	0	0	0	0	0	0	0	1	1	0	0	0	1	0	1	0	0	0	1	0	0	1	0	1	0	1	0	0	1	0	1	1	1	0	0	1	0	1	0	0	0	1
English	-0.100059	51.497728	0	0	1	1	1	1	1	1	1	1	1	0	0	1	1	0	0	1	1	1	0	0	0	1	1	1	1	1	1	0	0	0	0	0	0	1	0	1	0	0	0	0	0	0	0	0	0	0	0	0	0	0	0	0	0	0	0	1	0	0	0	0	1	1	0	0	0	0	0	0	0	0	0	0	1	1	0	0	0	0	1	0	0	1	1	0	0	0	1	0	0	0	0	0	0	0	0	0	0	1	0	1	0	0	0	1	1	0	1	0	0	1	0	1	0	0	1	1
Sicilian	13.368345	38.115141	0	0	1	1	1	1	1	1	1	1	1	0	0	1	1	0	0	1	1	1	0	0	0	1	1	0	0	1	1	0	0	0	0	0	0	1	0	1	0	0	0	1	0	1	0	0	0	0	0	0	0	0	0	0	0	0	0	1	0	0	0	1	0	0	0	0	0	0	0	1	0	0	0	0	1	1	0	0	0	0	0	0	0	1	1	0	0	0	1	0	1	0	0	0	1	0	0	1	0	1	0	1	0	0	1	0	1	1	1	0	0	1	0	1	0	0	0	1
Romanian	26.086373	44.427511	0	0	1	1	1	1	1	1	1	1	1	0	0	1	1	0	0	1	1	1	0	0	0	1	1	0	0	1	1	1	1	0	0	1	0	0	0	0	1	0	0	1	1	1	0	1	0	1	1	0	0	0	1	0	0	0	0	1	1	0	0	1	NA	1	0	1	0	0	0	0	0	0	0	0	0	0	0	0	0	0	0	0	0	0	0	0	0	0	1	0	1	0	0	NA	NA	0	1	1	0	1	0	1	0	0	1	0	0	1	1	0	0	1	0	1	0	0	1	1
Turkmen	58.388708	37.939486	0	0	1	0	0	1	1	0	0	1	1	0	0	1	1	0	0	1	1	1	0	0	0	1	1	0	0	1	1	0	0	0	1	1	0	0	0	0	1	0	0	0	0	0	0	1	1	1	1	1	1	1	0	0	0	1	0	1	1	1	0	NA	NA	0	0	0	1	0	0	1	0	0	0	0	1	1	0	0	1	0	0	0	0	1	1	0	0	1	0	0	0	0	0	0	0	0	0	0	1	0	1	0	0	0	0	1	1	0	NA	NA	1	0	1	0	0	0	1	0
Tajik	70.342617	38.663458	0	0	1	0	0	1	1	0	0	1	1	0	0	1	1	0	0	1	1	NA	NA	0	0	1	1	0	0	1	1	0	0	0	0	1	0	1	0	0	1	0	0	0	0	0	0	0	0	0	1	0	1	0	0	0	0	0	0	1	1	0	0	NA	NA	0	1	0	0	0	0	1	0	0	0	0	1	1	0	0	1	0	0	0	0	1	0	0	0	0	1	0	0	1	0	1	0	0	1	0	1	0	1	0	0	0	0	1	0	1	1	0	1	0	1	0	0	0	0	1
Old_High_German	9.962616	49.795477	0	0	1	0	0	1	1	0	0	1	1	0	0	1	1	0	0	1	1	1	0	0	0	1	1	0	0	1	1	1	1	0	0	1	1	0	0	1	0	0	0	1	1	1	0	0	0	1	1	1	1	0	0	0	0	0	0	1	1	0	0	1	0	NA	0	0	0	0	0	1	0	0	0	0	1	1	0	0	0	0	0	0	0	1	1	0	0	0	1	0	0	0	0	0	0	0	0	0	1	0	0	0	1	0	0	1	1	0	1	0	1	0	1	0	0	0	1	1
Punjabi	74.349411	31.536604	0	1	1	0	0	1	1	1	0	0	1	0	0	1	1	1	0	0	1	1	NA	0	0	1	1	1	0	0	1	1	NA	0	0	1	0	0	0	0	0	0	0	1	0	1	0	1	1	0	1	0	1	1	1	0	0	1	0	1	0	1	0	NA	1	0	0	0	1	0	0	0	1	0	0	0	1	1	0	0	0	0	1	0	0	1	0	0	1	1	0	0	0	0	0	0	0	0	0	0	1	0	1	0	0	0	0	1	1	0	1	1	1	0	1	0	0	0	0	0
Romansh	9.838341	46.496755	0	0	1	1	1	1	1	1	1	1	1	0	0	1	1	0	0	1	1	1	0	0	0	1	1	0	0	1	1	0	0	0	0	0	0	1	0	1	0	0	0	1	0	0	0	0	0	0	0	0	0	0	0	0	0	0	0	1	0	0	0	1	1	1	0	0	1	0	0	1	0	0	0	0	1	1	0	0	0	0	0	0	0	1	1	0	0	0	1	0	0	1	0	1	0	0	1	0	0	1	0	0	1	0	1	0	0	1	1	0	0	1	0	1	0	0	1	1
Old_French	2.347857	48.854451	0	0	1	0	0	1	1	0	0	1	1	0	0	1	1	0	0	1	1	1	0	0	0	1	1	0	0	1	1	1	1	0	0	1	0	1	0	1	0	0	0	1	0	1	0	0	0	0	0	0	1	0	0	0	0	0	0	1	0	0	0	1	NA	0	0	0	1	0	0	1	0	0	0	0	1	1	0	0	1	0	0	0	0	1	1	0	0	0	1	0	1	0	0	0	1	0	1	0	0	1	0	0	1	0	1	0	0	1	1	0	0	1	1	0	0	0	0	1
Middle_High_German	9.717403	48.742717	0	0	1	0	0	1	1	0	0	1	1	0	0	1	1	0	0	1	1	1	0	0	0	1	1	0	0	1	1	1	1	0	0	1	1	0	0	1	0	0	0	1	1	1	0	0	0	1	1	1	1	0	0	0	0	0	0	1	1	0	0	1	0	1	0	0	0	0	0	1	0	0	0	0	1	1	0	0	0	0	0	0	0	1	1	0	0	0	1	0	0	0	0	0	0	0	0	0	1	0	0	0	1	0	0	1	1	0	1	0	1	0	1	0	0	0	1	1
Old_Norse	10.397522	63.426975	0	0	1	0	0	1	1	0	0	1	1	0	0	1	1	0	0	1	1	1	0	0	0	1	1	0	0	1	1	1	1	0	0	1	1	0	0	0	1	0	0	1	1	1	0	0	1	1	1	1	1	0	0	0	0	0	0	1	1	0	0	1	0	1	0	0	0	0	0	0	0	0	0	0	1	1	0	0	1	0	0	0	0	1	1	0	0	0	1	0	0	0	0	0	0	0	0	0	0	1	0	0	1	0	1	0	1	0	1	0	0	1	0	0	1	0	1	1
Old_Spanish	-4.023666	39.857094	0	0	1	1	1	1	1	1	1	1	1	0	0	1	1	0	0	1	1	1	0	0	0	1	1	0	0	1	1	0	0	0	0	0	0	1	0	1	0	0	0	1	0	1	0	0	0	0	0	0	0	0	0	0	0	0	0	1	1	0	0	NA	NA	1	0	0	1	0	0	1	0	0	0	0	1	1	0	0	0	0	0	0	0	1	1	0	0	0	1	0	1	0	0	0	1	0	0	1	0	1	0	1	0	0	1	0	0	1	1	0	0	1	0	1	0	0	0	1
Maldivian	73.511939	4.17191	1	1	1	1	1	1	1	1	1	1	1	1	1	1	1	1	1	1	1	NA	NA	0	0	1	1	0	0	1	1	0	0	0	1	1	0	0	1	0	1	0	0	0	0	0	0	1	1	1	1	1	0	1	1	0	0	1	1	0	1	0	NA	NA	NA	0	0	0	1	0	0	0	0	1	0	0	1	1	0	0	0	0	0	0	0	1	1	0	0	1	0	0	0	0	0	0	0	0	0	0	1	0	1	0	0	0	0	1	1	0	0	1	1	0	1	0	0	0	0	0
Provençal	6.222519	43.426825	0	0	1	1	1	1	1	1	1	1	1	0	0	1	1	0	0	1	1	1	0	0	0	1	1	0	0	1	1	0	0	0	0	0	0	1	0	1	0	0	0	1	0	1	0	0	0	0	0	0	0	0	0	0	0	0	0	1	0	0	0	1	NA	0	0	0	1	0	0	1	0	0	0	0	1	1	0	0	0	0	0	0	0	1	1	0	0	0	1	0	1	0	0	1	0	0	1	0	0	1	0	1	0	0	1	0	0	1	1	0	0	1	0	1	0	0	1	1
Serbian	20.472164	44.801327	0	0	1	0	0	1	1	0	0	1	1	0	0	1	1	0	0	1	1	1	0	0	0	1	1	0	0	1	1	1	0	0	0	1	1	0	0	0	0	0	0	1	1	1	0	0	0	1	1	1	1	1	1	0	0	0	0	1	1	1	0	NA	NA	1	0	0	0	0	0	1	0	0	0	0	1	1	0	0	1	1	0	0	0	1	1	0	0	0	1	1	0	0	1	0	0	1	0	0	0	1	0	1	0	0	1	0	1	0	1	0	0	1	0	1	0	0	1	1
Prasun	70.741619	35.33661	0	0	1	0	0	1	1	0	0	1	1	0	0	1	1	0	0	1	1	0	0	1	1	0	0	0	0	1	1	0	1	0	0	1	0	0	0	0	0	0	0	1	0	NA	0	0	0	0	0	0	1	0	0	0	0	0	0	1	0	0	0	NA	NA	0	1	0	1	0	0	1	0	0	0	0	1	1	0	0	1	0	0	0	0	1	1	0	0	1	0	0	1	0	0	1	0	0	1	0	1	0	1	0	0	0	0	1	1	0	NA	NA	1	0	NA	NA	NA	NA	0	0
Wakhi	72.760057	37.219477	0	0	1	0	0	1	1	0	0	1	1	0	0	1	1	0	0	1	1	1	1	0	0	1	1	0	0	1	1	0	1	0	0	1	0	1	0	1	0	0	0	0	0	0	0	1	1	1	1	1	1	1	1	1	0	1	0	1	1	1	0	1	0	0	0	0	0	0	0	0	0	0	0	0	1	1	0	0	0	0	0	0	0	1	1	0	0	1	1	0	0	0	0	0	0	0	0	0	1	0	1	0	0	0	0	1	1	0	1	0	1	0	1	0	0	0	0	0
Middle_Welsh	-3.380017	52.240359	0	0	1	1	1	1	1	1	1	1	1	0	0	1	1	0	0	1	1	NA	NA	0	0	1	1	0	0	1	1	0	0	0	0	0	0	NA	0	1	NA	0	0	1	0	NA	0	0	0	0	0	0	0	0	0	1	0	0	0	0	0	0	0	1	0	0	0	0	0	0	0	1	0	0	0	0	1	1	0	0	1	0	0	0	0	1	1	0	0	0	1	0	1	0	0	0	0	NA	NA	NA	0	0	0	0	1	0	1	0	0	1	1	0	NA	NA	0	0	0	1	NA	1
Marathi	75.494714	19.38701	0	1	1	0	0	1	1	1	0	0	1	0	0	1	1	1	0	0	1	1	NA	0	0	1	1	0	0	0	1	0	0	0	1	1	0	0	0	0	0	0	0	1	1	0	1	1	1	1	1	1	1	1	1	0	0	1	0	1	1	1	0	NA	NA	0	0	0	1	0	0	0	1	0	0	0	1	1	0	0	0	0	0	0	0	1	0	0	1	1	0	0	0	0	0	0	0	0	0	0	1	0	1	0	0	0	0	1	1	0	0	1	1	0	1	0	0	0	0	0
Ladin	11.923755	46.657384	0	0	1	1	1	1	1	1	1	1	1	0	0	1	1	0	0	1	1	1	0	0	0	1	1	0	0	1	1	0	0	0	0	0	0	NA	0	1	0	0	0	1	0	1	0	0	0	0	0	0	0	0	0	0	0	0	0	1	1	0	0	1	NA	NA	NA	NA	1	NA	0	1	0	0	0	0	1	1	0	0	0	0	0	0	0	1	1	0	0	0	1	0	1	0	0	1	0	0	1	0	0	1	0	1	0	0	1	0	0	1	1	0	NA	NA	0	1	0	0	NA	1
Old_Irish	-6.873827	53.726794	0	0	1	0	0	1	1	0	0	1	1	0	0	1	1	0	0	1	1	1	0	0	0	1	1	0	0	1	1	1	1	0	0	1	0	0	0	1	1	0	0	1	1	1	0	0	0	1	1	1	1	0	1	1	0	0	0	0	0	0	0	1	0	0	0	0	1	0	0	1	0	0	0	0	1	1	0	0	1	0	0	0	0	1	1	0	0	0	1	0	1	0	0	0	0	0	1	0	0	0	0	0	0	1	1	0	0	1	1	0	NA	NA	0	0	0	1	NA	1
Estonian	24.753907	59.436958	0	0	1	0	0	1	1	0	0	1	0	0	0	1	1	0	0	1	1	1	0	0	0	1	1	0	0	1	1	1	0	0	0	1	0	0	0	0	0	0	0	0	0	0	1	1	0	0	1	0	1	1	0	0	1	0	0	1	1	1	0	NA	NA	1	0	0	0	0	0	1	0	0	0	0	1	1	0	0	0	0	0	0	0	1	1	0	0	1	0	0	0	0	0	0	0	0	0	0	1	0	0	1	0	0	0	1	1	0	1	0	1	0	0	1	0	0	0	1
Ukrainian	30.525414	50.449474	0	0	1	0	0	1	1	0	0	1	1	0	0	1	1	0	0	1	1	1	0	0	0	1	1	0	0	1	1	1	0	0	0	1	0	0	0	0	0	0	0	1	1	1	0	0	0	1	1	1	1	1	1	0	0	0	0	1	1	1	0	1	0	1	0	0	1	1	0	1	0	0	0	0	1	1	0	0	0	1	0	0	0	1	1	0	0	0	1	0	0	0	0	0	0	0	0	0	0	1	0	1	0	0	1	0	1	0	1	0	0	1	0	1	0	0	0	1
Middle_Greek	28.997555	41.058644	0	0	1	0	0	1	1	0	0	1	1	0	0	1	1	0	0	1	1	1	0	0	0	1	1	0	0	1	1	1	1	0	0	1	0	1	0	1	0	0	0	1	1	1	0	0	0	0	1	1	1	0	1	0	0	0	0	1	0	0	0	1	0	1	0	1	1	0	0	1	0	0	0	0	0	0	0	0	1	0	0	0	0	0	0	0	0	0	1	0	1	1	0	1	1	0	1	1	1	1	0	1	0	0	1	1	1	1	1	0	1	1	0	1	0	0	0	1
Breton	-4.102864	47.995619	0	0	1	1	1	1	1	1	1	1	1	1	1	1	1	1	1	1	1	NA	NA	0	0	1	1	0	0	1	1	0	0	0	0	0	0	0	0	1	1	0	0	1	0	0	0	0	0	0	0	0	0	0	0	1	0	0	0	0	0	0	0	1	0	0	0	0	1	0	0	1	0	0	0	0	1	1	0	0	1	NA	0	0	0	1	1	0	0	0	1	0	0	0	0	0	0	0	0	0	0	0	0	0	1	0	1	0	0	1	1	0	0	1	0	0	0	1	NA	1
Middle_Low_German	10.68504	53.867783	0	0	1	0	0	1	1	0	0	1	1	0	0	1	1	0	0	1	1	1	0	0	0	1	1	0	0	1	1	1	1	0	0	1	1	0	0	1	0	0	0	1	1	0	0	0	0	1	1	1	1	0	0	0	0	0	0	1	0	0	0	1	0	1	0	0	0	0	0	0	0	0	0	0	1	1	0	0	0	0	0	0	0	1	1	0	0	0	1	0	0	0	0	0	0	0	0	0	1	0	0	0	1	0	1	1	1	0	1	0	1	0	1	0	0	0	1	1
Urdu	73.018423	33.681135	0	1	1	0	0	1	1	1	0	0	1	0	0	1	1	1	0	0	1	NA	NA	0	0	1	1	1	0	0	1	0	0	0	0	1	0	0	0	0	0	0	0	1	0	NA	0	NA	0	1	0	0	1	0	1	0	0	0	0	1	1	0	0	NA	NA	0	0	0	1	0	0	0	0	0	0	0	1	1	0	0	0	0	1	0	0	1	0	0	1	1	0	0	0	0	0	0	0	0	0	0	1	0	1	0	0	0	0	1	1	0	0	1	1	0	1	0	0	0	1	0
Sardinian	9.32737	40.31746	0	0	1	1	1	1	1	1	1	1	1	0	0	1	1	0	0	1	1	1	0	0	0	1	1	0	0	1	1	0	0	0	0	0	0	1	0	1	0	0	0	1	0	1	0	0	0	0	0	0	0	0	0	0	0	0	0	1	0	0	0	1	1	1	0	0	0	0	0	1	0	0	0	0	1	1	0	0	1	0	0	0	0	1	1	0	0	0	1	0	1	0	0	1	0	0	1	0	0	1	0	1	0	0	1	0	0	1	1	0	0	1	0	1	0	0	0	1
Maithili	86.155454	26.075397	0	0	1	0	0	1	1	0	0	1	1	0	0	1	1	0	0	1	1	1	NA	0	0	1	1	0	0	0	1	0	0	0	1	1	0	0	0	0	0	0	1	0	0	0	0	1	1	0	1	0	1	1	0	NA	0	1	1	1	0	1	NA	NA	1	1	0	0	1	0	0	0	0	0	0	0	0	0	0	0	0	0	0	0	0	0	0	0	0	1	0	0	0	0	0	0	0	0	0	0	1	0	1	0	0	0	0	1	1	0	1	0	1	0	1	0	0	0	1	0
Luwian	36.788273	36.620598	0	0	1	0	0	1	1	0	0	1	1	0	0	1	1	0	0	1	1	1	NA	0	0	1	1	0	0	1	1	1	0	0	0	1	0	0	0	0	0	0	1	0	1	1	0	1	0	1	1	1	1	1	1	0	0	0	0	1	0	1	0	NA	NA	0	0	0	0	0	0	1	0	0	0	0	1	1	0	0	0	0	0	0	0	1	1	0	0	1	0	1	0	0	1	0	0	1	0	0	1	0	1	0	0	0	0	1	1	0	0	1	1	0	1	0	0	0	0	1
Middle_Persian	51.675883	32.647027	1	1	1	1	1	1	1	1	1	1	1	0	0	1	1	0	0	1	1	NA	NA	0	0	1	1	0	0	1	1	0	0	0	0	0	0	0	0	0	0	0	0	0	0	0	0	0	0	0	0	0	0	0	0	0	0	0	0	0	0	0	0	NA	NA	1	0	0	0	0	0	1	0	0	0	0	1	1	0	0	1	0	0	0	0	1	1	0	0	0	1	1	0	0	1	0	0	1	0	0	1	0	1	0	0	0	1	0	0	1	1	0	1	0	1	0	0	0	1	1
Polish	20.994015	52.237892	0	0	1	0	0	1	1	0	0	1	1	0	0	1	1	0	0	1	1	1	0	0	0	1	1	0	0	1	1	1	0	0	0	1	0	0	0	0	0	0	0	1	1	1	0	0	0	1	1	1	1	1	1	0	0	0	0	1	1	1	0	1	0	1	0	0	0	1	0	1	0	0	0	0	1	1	0	0	1	1	0	0	0	1	1	0	0	0	1	0	0	0	0	0	0	0	0	0	0	1	0	1	0	0	1	0	1	1	1	0	0	1	0	1	0	0	0	0
Irish	-9.301101	53.244432	0	0	1	0	0	1	1	0	0	1	1	1	1	1	1	1	1	1	1	1	0	0	0	1	1	0	0	1	1	1	1	0	0	1	0	0	0	1	1	0	0	1	0	0	0	0	0	1	1	1	0	0	1	1	0	0	0	0	0	0	0	0	1	0	0	0	1	0	0	1	0	0	0	0	1	1	0	0	1	0	0	0	0	1	1	0	0	0	1	0	0	0	0	0	0	0	0	0	1	0	0	0	0	1	1	0	0	1	1	0	0	1	0	0	0	1	1	1
Old_Frisian	6.567738	53.215696	0	0	1	0	0	1	1	0	0	1	1	0	0	1	1	0	0	1	1	0	0	0	0	1	1	0	0	1	1	1	1	0	0	1	1	0	0	1	0	0	0	1	1	0	0	0	0	1	1	1	1	0	0	0	0	0	0	1	0	0	0	1	0	NA	0	0	0	0	0	0	0	0	0	0	1	1	0	0	0	0	0	0	0	1	1	0	0	0	1	0	0	1	0	0	1	0	0	1	1	0	0	0	1	0	0	1	1	0	1	0	1	0	1	0	0	0	NA	NA
Catalan	2.179642	41.379225	0	0	1	1	1	1	1	1	1	1	1	0	0	1	1	0	0	1	1	1	0	0	0	1	1	0	0	1	1	0	0	0	0	0	0	1	0	1	0	0	0	1	0	1	0	0	0	0	0	0	0	0	0	0	0	0	0	1	0	0	0	1	NA	0	0	0	1	0	0	1	0	0	0	0	1	1	0	0	0	0	0	NA	NA	NA	0	0	0	0	1	0	1	0	0	0	1	0	0	1	0	1	0	1	0	0	1	0	0	1	1	0	0	1	0	1	0	0	1	1
Kazakh	71.460067	51.157374	0	0	1	0	0	1	1	0	0	1	1	0	0	1	1	0	0	1	1	NA	NA	0	0	1	1	0	0	1	1	0	0	0	1	1	0	0	0	0	0	0	0	0	0	0	0	1	1	1	1	1	1	1	0	0	0	1	1	1	1	1	0	NA	NA	0	0	0	0	0	0	0	0	0	0	0	1	1	0	0	0	0	0	0	0	1	1	0	0	1	0	0	0	0	0	0	0	0	0	0	1	0	1	0	0	0	0	1	1	0	0	1	1	0	1	0	0	0	1	0
Latin	12.4923	41.890189	0	0	1	0	0	1	1	0	0	1	1	0	0	1	1	0	0	1	1	1	0	0	0	1	1	0	0	1	1	1	1	0	0	1	0	0	0	0	0	0	0	1	1	1	0	0	0	1	1	1	1	1	1	0	0	0	0	1	1	1	0	1	NA	0	0	0	1	0	0	1	0	0	0	0	1	1	0	0	1	0	0	0	0	1	1	0	0	0	1	0	0	0	0	0	0	0	0	0	1	0	1	0	0	0	1	0	0	1	1	0	1	0	1	0	0	0	0	1
Middle_Breton	-1.532472	47.207854	0	0	1	1	1	1	1	1	1	1	1	0	0	1	1	0	0	1	1	1	0	0	0	1	1	0	0	1	1	0	0	0	0	0	0	0	0	1	1	0	0	1	0	1	0	0	0	0	0	0	0	0	0	1	0	0	0	0	0	0	0	1	0	0	0	0	1	0	0	1	0	0	0	0	1	1	0	0	1	NA	0	0	0	1	1	0	0	0	1	0	1	0	0	0	0	0	1	0	0	0	0	1	0	0	1	0	0	1	1	0	NA	NA	NA	NA	NA	NA	NA	1
Portuguese	-9.135132	38.708043	0	0	1	1	1	1	1	1	1	1	1	0	0	1	1	0	0	1	1	1	0	0	0	1	1	0	0	1	1	0	0	0	0	0	0	1	0	1	0	0	0	1	0	1	0	0	0	0	0	0	0	0	0	0	0	0	0	1	0	0	0	1	1	1	0	0	1	0	0	1	0	0	0	0	0	NA	NA	0	0	0	0	NA	0	NA	0	NA	0	0	1	0	0	1	0	0	1	0	0	1	0	1	0	1	0	0	1	0	0	1	1	0	0	1	0	1	0	0	0	1
Northern_Saami	20.272909	69.418231	0	0	1	0	0	1	1	0	0	1	1	0	0	1	1	0	0	1	1	1	0	0	0	1	1	0	0	1	1	0	0	0	1	1	0	0	0	0	0	0	0	0	0	0	0	1	0	0	1	0	1	1	0	0	0	1	0	1	0	1	0	1	0	0	0	0	0	0	0	1	0	0	0	0	1	1	0	0	1	0	0	0	0	1	1	0	0	1	1	0	0	0	0	0	0	0	0	0	0	1	0	1	0	0	0	1	1	0	1	0	0	1	0	1	0	0	0	1
Old_Russian	31.275345	58.521428	0	0	1	0	0	1	1	0	0	1	1	0	0	1	1	0	0	1	1	1	0	0	0	1	1	0	0	1	1	1	0	0	0	1	1	0	0	0	0	0	0	1	1	1	0	0	0	1	1	1	1	1	1	0	0	0	0	1	1	1	0	1	0	1	0	0	0	1	0	1	0	0	0	0	1	1	0	0	0	0	0	0	0	1	1	0	0	0	1	1	0	0	1	0	0	1	0	0	0	1	0	1	0	0	1	0	1	0	1	0	0	1	0	1	0	0	NA	1
Welsh	-4.38518	52.926407	1	1	1	1	1	1	1	1	1	1	1	1	1	1	1	1	1	1	1	1	0	0	0	1	1	0	0	1	1	0	0	0	0	0	0	0	0	1	0	0	0	1	0	0	0	0	0	0	0	0	0	0	0	1	0	0	0	0	0	0	0	NA	NA	1	0	0	1	0	0	1	0	0	0	0	0	0	0	0	0	0	0	0	0	0	1	0	0	0	1	0	0	0	0	0	0	0	0	0	0	1	0	0	0	1	1	0	0	1	1	0	0	1	0	0	0	1	1	1
Lithuanian	25.255852	54.680183	0	0	0	0	0	1	1	0	0	1	1	0	0	1	1	0	0	1	1	1	0	0	0	1	1	0	0	1	1	1	0	0	0	1	1	0	0	0	0	0	0	1	0	1	0	0	0	1	1	1	1	1	1	0	0	0	0	0	1	1	0	NA	NA	0	0	0	1	0	0	0	0	0	0	0	0	0	0	0	0	0	0	0	0	0	0	0	0	0	1	0	0	0	0	0	0	0	0	0	1	1	0	1	0	0	0	1	1	0	1	0	1	1	0	1	0	0	0	1
Karachay-Balkar	41.211801	43.464297	0	0	1	0	0	1	1	0	0	1	1	0	0	1	1	0	0	1	1	1	0	0	0	1	1	0	0	1	1	0	0	0	1	1	0	0	0	0	1	0	0	0	0	0	0	1	1	1	1	1	1	1	0	0	0	1	0	1	1	1	0	NA	NA	0	0	0	1	0	0	1	0	0	0	0	1	1	0	0	1	0	0	0	0	1	1	0	0	1	0	0	0	0	0	0	0	0	0	0	NA	NA	1	0	0	0	0	1	1	0	0	1	1	0	1	0	0	0	1	0
Georgian	44.824791	41.619549	0	1	1	0	0	1	1	1	0	1	0	1	1	1	1	1	1	1	1	1	0	0	0	1	1	0	0	1	1	0	0	0	0	1	0	0	0	0	0	0	0	0	0	0	0	1	0	1	1	1	1	1	1	0	0	0	0	0	0	1	0	NA	0	0	0	0	0	1	0	1	0	0	1	0	0	0	1	0	1	0	0	1	0	0	0	1	0	1	0	0	0	0	0	0	0	0	0	0	0	0	1	0	0	0	0	1	1	0	1	0	0	0	1	0	0	0	1	0
Basque_(East)	-1.454322	43.395818	0	1	1	1	1	1	1	1	0	0	1	1	1	1	1	1	0	1	1	1	0	0	0	1	1	1	0	1	1	0	NA	0	1	0	0	0	1	0	0	0	0	0	0	0	1	1	1	1	1	1	1	1	0	0	1	1	0	1	1	1	0	NA	1	0	1	0	0	0	1	1	0	0	1	0	NA	0	0	0	1	0	0	1	0	0	0	1	0	1	0	0	0	0	0	0	0	0	0	0	1	0	1	0	0	0	0	1	0	1	0	1	1	0	1	0	0	0	1	0
Old_Swedish	16.321936	58.481083	0	0	1	0	0	1	1	0	0	1	1	0	0	1	1	0	0	1	1	1	0	0	0	1	1	0	0	1	1	1	1	0	0	1	1	0	0	0	1	0	0	1	1	1	0	0	0	1	1	1	1	0	0	0	0	0	0	1	1	0	0	1	0	1	0	0	0	0	0	0	0	0	0	0	1	1	0	0	0	0	0	0	0	1	1	0	0	0	1	0	0	1	0	0	0	0	0	0	0	1	0	0	1	0	0	1	1	0	1	0	0	1	0	0	1	0	1	1
Sinhalese	79.85635	6.935115	1	1	1	1	1	1	1	1	1	1	1	1	1	1	1	1	1	1	1	NA	0	1	1	1	1	1	1	1	1	0	0	0	1	1	0	0	0	0	0	0	1	0	0	0	0	1	1	1	1	1	0	1	0	0	0	0	0	0	1	1	0	NA	NA	0	0	0	1	0	0	0	0	1	0	0	1	1	0	0	0	0	1	0	0	1	1	0	0	1	0	0	0	0	0	0	0	0	0	0	1	0	1	0	0	0	0	1	1	0	0	1	1	0	1	0	0	0	0	0
Icelandic	-21.939672	64.144237	0	0	1	0	0	1	1	0	0	1	1	0	0	1	1	0	0	1	1	1	0	0	0	1	1	0	0	1	1	1	1	0	0	1	1	0	0	0	1	0	0	1	1	1	0	0	1	1	1	1	1	0	0	0	0	0	0	1	1	0	0	1	0	1	0	0	0	0	0	0	0	0	0	0	1	1	0	0	0	0	0	0	0	1	1	0	0	0	1	0	0	0	0	0	0	0	0	0	0	1	0	0	1	0	1	0	1	0	1	0	0	1	0	0	1	0	1	1
Modern_Greek	23.694334	38.028622	0	0	1	0	0	1	1	0	0	1	1	0	0	1	1	0	0	1	1	1	0	0	0	1	1	0	0	1	1	1	1	0	0	1	0	1	0	1	0	0	0	1	1	1	0	0	0	0	1	1	1	0	1	0	0	0	0	1	0	0	1	1	0	0	0	1	0	0	0	1	0	0	0	0	0	0	0	0	1	0	0	0	0	0	0	0	0	0	1	0	1	1	0	0	0	0	0	1	0	0	0	1	0	0	1	1	1	1	1	0	1	1	0	1	0	0	0	1
Laz	41.569662	41.462154	0	0	1	1	0	1	0	1	0	1	0	1	1	1	1	1	1	1	1	1	0	0	0	1	1	0	0	1	1	0	0	0	1	1	0	0	0	0	0	0	0	0	0	0	0	1	1	1	1	1	1	1	0	0	0	0	0	0	0	1	0	NA	NA	1	0	0	1	0	0	1	0	0	1	0	0	0	1	0	1	0	0	1	0	0	0	1	0	1	0	0	0	0	0	0	0	0	0	0	0	0	1	0	0	0	0	1	1	0	0	1	0	0	1	0	0	0	1	0
Yiddish	24.031167	49.853028	0	0	1	0	0	1	1	0	0	1	1	0	0	1	1	0	0	1	1	1	0	0	0	1	1	0	0	1	1	1	1	0	0	0	1	0	0	1	0	0	0	1	1	0	0	0	0	1	1	1	1	0	0	0	0	0	0	1	1	0	0	1	0	1	0	0	0	0	0	0	0	0	0	0	1	1	0	0	0	0	0	0	0	1	1	0	0	0	1	0	0	1	0	0	0	0	0	0	0	1	0	0	1	0	0	1	1	0	1	0	0	1	0	0	1	0	1	1
Hungarian	19.040247	47.497865	0	0	1	0	0	1	1	0	0	1	1	0	0	1	1	0	0	1	1	1	0	0	0	1	1	0	0	1	1	0	0	0	1	0	0	0	0	1	0	0	0	0	0	0	1	1	0	1	0	0	1	1	0	0	1	1	0	1	1	1	0	NA	NA	1	0	0	0	0	0	1	0	0	0	0	1	1	0	0	1	0	0	0	0	1	0	0	0	0	0	0	0	0	0	0	0	0	0	0	1	1	0	1	0	0	0	1	1	0	1	0	1	1	0	1	0	0	1	0
Middle_Irish	-8.634407	52.658918	0	0	1	0	0	1	1	0	0	1	1	1	1	1	1	1	1	1	1	NA	NA	0	0	1	1	0	0	1	1	1	1	0	0	1	0	0	0	1	1	0	0	1	0	NA	0	0	0	1	1	1	0	0	1	1	0	0	0	0	0	0	0	NA	0	0	0	0	1	0	0	1	0	0	0	0	1	1	0	0	1	0	0	0	0	1	1	0	0	0	1	0	1	0	0	0	0	0	1	0	0	0	0	0	0	1	1	0	0	1	1	0	NA	NA	0	0	0	1	NA	1
Shughni	71.503041	38.389635	0	0	1	1	1	1	1	1	1	1	1	0	0	1	1	0	0	1	1	1	0	0	0	1	1	1	1	1	1	0	0	0	0	0	0	0	0	0	0	0	0	1	0	1	0	0	0	0	0	0	0	0	0	0	0	1	0	1	1	0	0	1	0	NA	0	0	0	0	0	1	0	0	0	0	1	1	0	0	0	1	0	0	0	1	1	0	0	1	1	0	1	1	0	1	0	0	1	0	1	0	1	0	0	0	0	1	1	0	NA	NA	1	0	1	0	0	0	0	0
Middle_Dutch	5.959192	52.213073	0	0	1	0	0	1	1	0	0	1	1	0	0	1	1	0	0	1	1	1	0	0	0	1	1	0	0	1	1	1	1	0	0	1	1	0	0	1	0	0	0	1	1	0	0	0	0	1	1	1	1	0	0	0	0	0	0	1	0	0	0	1	0	1	0	0	0	0	0	0	0	0	0	0	1	1	0	0	0	0	0	0	0	1	1	0	0	0	1	0	0	1	0	1	0	0	1	0	1	0	0	0	1	0	1	1	1	1	1	0	1	0	1	0	0	0	1	1
Romani_(Arli)	19.881168	42.970349	0	0	1	0	0	1	1	0	0	1	1	0	0	1	1	0	0	1	1	1	0	0	0	1	1	0	0	1	1	1	1	0	0	1	0	1	0	1	0	0	0	1	0	NA	1	1	1	1	1	1	1	1	1	0	0	1	1	1	1	1	NA	1	0	0	0	1	0	0	0	0	0	0	0	0	1	1	0	0	1	0	0	0	0	1	1	0	0	0	1	0	0	1	0	0	1	0	0	1	0	1	0	1	0	0	NA	NA	1	0	1	0	0	1	0	1	0	0	NA	1
Gilaki	49.283999	37.526056	0	0	1	0	0	1	1	0	0	1	1	0	0	1	1	0	0	1	1	NA	NA	0	0	1	1	0	0	1	1	0	0	0	1	0	0	0	0	1	1	0	0	0	0	0	0	1	1	1	1	1	1	1	0	0	NA	1	0	1	1	1	0	NA	NA	1	0	0	0	0	0	0	0	0	0	0	1	1	0	0	0	0	0	0	0	1	1	0	0	1	1	0	0	0	0	0	0	0	0	0	1	0	1	0	0	0	0	1	1	0	1	0	1	0	1	0	0	0	0	0
Latvian	24.113274	56.915	0	0	1	0	0	1	1	0	0	1	1	0	0	1	1	0	0	1	1	1	0	0	0	1	1	0	0	1	1	1	0	0	0	1	1	0	0	0	0	0	0	1	0	1	0	0	0	1	1	1	1	1	1	0	0	0	0	1	1	1	0	NA	NA	0	0	0	1	0	0	0	0	0	0	0	1	1	0	0	0	0	0	0	0	1	1	0	0	0	1	0	0	0	0	0	0	0	0	0	0	1	0	1	0	0	0	1	1	0	1	0	0	1	0	1	0	0	0	NA
Sanskrit	76.28612	23.511415	0	0	1	0	0	1	1	0	0	1	1	0	0	1	1	0	0	1	1	1	0	0	0	1	1	0	0	1	1	1	1	0	0	1	0	0	0	0	0	0	0	1	1	NA	1	0	0	1	1	1	1	1	1	0	0	0	0	1	1	1	0	NA	NA	1	1	0	1	0	0	1	0	0	0	0	1	1	0	0	1	0	0	0	0	1	1	0	0	1	0	0	0	0	0	0	0	0	0	0	1	0	1	0	0	0	0	1	1	0	0	1	1	0	1	0	0	0	0	1
Hindi	77.224996	28.625252	0	1	1	0	0	1	1	1	0	0	1	0	0	1	1	1	0	0	1	1	0	0	0	1	1	1	0	0	1	1	0	0	0	1	0	0	0	0	0	0	0	1	0	1	0	NA	0	1	0	0	1	0	1	0	0	0	0	1	0	0	0	NA	1	0	0	0	1	0	0	1	0	0	0	0	1	1	0	0	0	0	1	0	0	1	0	0	1	1	0	0	0	0	0	0	0	0	0	0	1	0	1	0	0	0	0	1	1	0	1	0	1	0	1	0	0	0	1	0
Cornish	-5.567517	50.191816	0	0	1	1	1	1	1	1	1	1	1	1	1	1	1	1	1	1	1	1	0	0	0	1	1	0	0	1	1	0	0	0	0	0	0	0	0	1	1	0	0	1	0	NA	0	0	0	0	0	0	0	0	0	1	0	0	0	0	0	0	0	1	0	1	0	0	0	0	0	1	0	0	0	0	1	1	0	0	1	0	0	0	0	1	1	0	0	0	1	0	0	1	0	0	0	0	1	0	0	0	0	1	0	0	NA	NA	0	1	1	0	NA	NA	1	0	0	0	NA	1
Prakrit	84.727979	25.379098	0	0	1	0	0	1	1	0	0	1	1	0	0	1	1	0	0	1	1	NA	NA	0	0	1	1	0	0	1	1	1	1	0	0	1	0	0	0	0	0	0	0	1	1	NA	0	0	0	1	1	0	1	1	1	NA	0	0	0	1	1	1	0	NA	NA	0	1	0	1	0	0	1	0	0	0	0	1	1	0	0	1	0	0	0	0	1	1	0	0	1	0	0	0	0	0	0	0	0	0	0	1	0	1	0	0	0	0	1	1	0	1	0	1	0	1	0	0	0	0	1
Turkish	32.857539	39.926806	0	0	1	0	0	1	1	0	0	1	1	0	0	1	1	0	0	1	1	1	0	0	0	1	1	0	0	1	1	0	0	0	1	1	0	0	0	0	1	0	0	0	0	0	0	1	1	1	1	1	1	1	0	0	0	1	0	1	1	1	0	0	1	0	0	0	1	0	0	1	0	0	0	0	1	1	0	0	1	0	0	0	0	1	1	0	0	1	0	0	0	0	0	0	0	0	0	0	1	0	1	0	0	0	0	1	1	0	0	1	1	0	1	0	0	0	1	0
Old_Provençal	6.222519	43.426825	0	0	1	0	0	1	1	0	0	1	1	0	0	1	1	0	0	1	1	1	0	0	0	1	1	0	0	1	1	1	1	0	0	1	0	1	0	1	0	0	0	1	0	1	0	0	0	0	0	0	1	0	0	0	0	0	0	1	0	0	0	1	NA	0	0	0	1	0	0	1	0	0	0	0	1	1	0	0	0	0	0	0	0	1	1	0	0	0	1	0	1	0	0	1	0	0	1	0	0	1	0	0	1	0	1	0	0	1	1	0	0	1	0	1	0	0	NA	1
Persian	55.748043	32.735314	0	0	1	0	0	1	1	0	0	1	1	0	0	1	1	0	0	1	1	NA	NA	0	0	1	1	0	0	1	1	1	0	0	1	1	1	0	1	0	1	0	0	0	0	0	0	0	0	0	0	0	1	0	0	0	0	0	0	1	1	0	0	NA	NA	1	0	0	0	0	0	1	0	0	0	0	1	1	0	0	1	0	0	0	0	1	1	0	0	0	1	0	0	0	0	0	0	0	0	0	1	0	1	0	0	0	1	0	0	1	1	0	1	0	1	0	0	0	1	1
Old_Church_Slavonic	30.453243	50.415519	0	0	1	0	0	1	1	0	0	1	1	0	0	1	1	0	0	1	1	1	0	0	0	1	1	0	0	1	1	1	0	0	0	1	1	0	0	0	0	0	0	1	1	1	0	0	0	1	1	1	1	1	1	0	0	0	0	1	1	1	0	1	0	1	0	0	0	1	0	1	0	0	0	0	1	1	0	0	0	0	0	0	0	1	1	0	0	0	1	0	0	1	0	0	1	0	0	1	0	1	0	1	0	0	1	0	1	1	0	0	0	1	0	1	0	0	0	1
Old_Persian	52.891196	29.935501	0	0	1	0	0	1	1	0	0	1	1	0	0	1	1	0	0	1	1	NA	NA	0	0	1	1	0	0	1	1	1	0	0	0	1	0	0	0	0	0	0	0	1	1	1	0	1	1	0	1	0	1	1	1	0	0	0	0	1	0	0	0	NA	NA	0	0	0	0	0	0	1	0	0	0	0	1	1	0	0	1	0	0	0	0	1	1	0	0	0	1	1	0	0	1	0	0	1	0	0	1	0	1	0	0	0	0	1	0	1	1	0	1	0	1	0	0	0	NA	NA
Gujarati	72.139869	22.44456	0	1	1	0	0	1	1	1	0	0	1	0	0	1	1	1	0	0	1	NA	NA	0	0	1	1	0	0	0	1	1	0	0	0	1	0	0	0	0	0	0	0	1	1	1	0	0	1	0	0	0	1	1	1	0	0	0	0	1	0	1	0	NA	NA	0	0	0	1	0	0	0	0	0	0	0	1	1	0	0	0	0	1	0	1	0	0	0	1	1	0	0	0	0	0	0	0	0	0	0	1	0	1	0	0	0	0	1	1	0	0	1	1	0	1	0	0	0	1	0
Sindhi	69.674802	23.253479	0	1	1	0	0	1	1	1	0	0	1	0	0	1	1	1	0	0	1	1	0	0	0	1	1	1	0	0	1	1	0	0	0	1	0	0	0	0	0	0	0	1	0	1	0	0	0	0	0	0	1	1	1	1	0	1	0	1	0	1	0	NA	1	1	1	0	1	0	0	1	1	0	0	0	1	1	0	0	0	0	1	0	0	1	0	0	1	1	0	0	0	1	0	0	1	0	0	1	1	0	1	0	0	0	0	1	1	0	0	1	1	0	1	0	0	0	0	1
Hittite	34.621158	40.013951	0	0	1	0	0	1	1	0	0	1	1	0	0	1	1	0	0	1	1	1	NA	0	0	1	1	0	0	1	1	1	0	0	0	1	0	0	0	0	0	0	0	0	1	NA	1	0	0	1	1	1	1	1	1	0	0	0	0	1	0	1	0	NA	NA	NA	0	0	0	0	0	1	0	0	0	0	1	1	0	0	0	0	0	0	0	1	1	0	0	1	0	1	0	0	1	0	0	1	0	0	1	0	1	0	0	0	0	1	1	0	0	1	1	0	1	0	0	0	NA	0
Bengali	88.36119	22.566866	0	0	1	0	0	1	1	0	0	1	1	0	0	1	1	0	0	1	1	1	NA	0	0	1	1	0	0	1	1	0	0	0	1	1	0	0	1	0	1	0	1	0	0	0	0	1	1	0	1	0	1	1	0	0	0	1	1	1	0	0	0	NA	NA	0	0	0	1	0	0	0	0	0	0	0	1	1	0	0	0	0	0	0	0	1	1	0	0	1	0	0	0	0	0	0	0	0	0	0	1	0	1	0	0	0	0	1	1	0	0	1	1	0	1	0	0	0	0	0
Norwegian_(Nynorsk)	5.075361	60.330984	0	0	1	1	1	1	1	1	1	1	1	0	0	1	1	0	0	1	1	1	0	1	1	1	1	1	1	1	1	0	0	0	0	0	1	0	0	0	1	0	0	1	1	1	0	0	0	0	0	0	0	0	0	0	0	0	0	1	0	0	0	1	0	1	0	0	0	0	0	0	0	1	0	0	1	1	0	0	0	0	1	0	0	1	1	0	0	0	1	0	0	0	0	0	0	0	0	0	0	1	0	0	1	0	0	1	1	0	1	0	0	1	0	1	0	0	1	1
Romani_(Kelderash)	22.495093	47.187683	0	0	1	0	0	1	1	0	0	1	1	0	0	1	1	0	0	1	1	1	0	0	0	1	1	0	0	1	1	1	1	0	0	1	0	1	0	1	0	0	0	1	0	1	1	1	1	1	1	1	1	1	1	0	1	1	1	1	1	1	0	NA	NA	0	0	1	1	0	0	0	0	0	0	0	1	1	0	0	0	0	0	0	0	1	1	0	0	0	1	0	0	0	0	0	0	0	0	0	NA	NA	0	1	0	0	0	1	1	0	1	0	1	0	0	1	0	0	0	1
Romani_(Bugurdži)	21.222651	42.118106	0	0	1	0	0	1	1	0	0	1	1	0	0	1	1	0	0	1	1	0	0	0	0	1	1	0	0	1	1	1	1	0	0	1	0	1	0	1	0	0	0	1	0	1	0	1	1	1	1	1	1	1	1	0	0	1	1	1	1	1	0	1	NA	0	0	1	0	0	0	0	0	0	0	0	1	1	0	0	1	0	0	0	0	1	1	0	0	0	1	0	0	0	0	0	0	0	0	0	NA	NA	0	1	0	0	0	1	1	0	1	0	0	1	0	1	0	0	0	1
Old_English	-1.314163	51.060696	0	0	1	0	0	1	1	0	0	1	1	0	0	1	1	0	0	1	1	0	0	0	0	1	1	0	0	1	1	1	1	0	0	1	1	0	0	1	0	0	0	1	1	1	0	0	0	1	1	1	1	0	0	0	0	0	0	1	0	0	0	1	0	1	0	0	0	0	0	0	0	0	0	0	1	1	0	0	0	0	0	0	0	1	1	0	0	0	1	0	0	0	0	0	0	0	0	0	1	0	0	0	1	0	0	1	1	0	1	0	1	0	1	0	0	0	1	1
Slovene	14.50823	46.050593	0	0	1	0	0	1	1	0	0	1	1	0	0	1	1	0	0	1	1	1	0	0	0	1	1	0	0	1	1	1	0	0	0	1	1	0	0	0	0	0	0	1	1	1	0	0	0	1	1	1	1	1	0	0	0	0	0	1	1	1	0	1	0	1	0	0	0	1	0	1	0	0	0	0	1	1	0	0	0	1	0	0	0	1	1	0	0	0	1	1	0	0	1	0	0	1	0	0	0	1	0	1	0	0	NA	NA	1	0	1	0	0	1	0	1	0	0	0	1
Russian	37.64843	55.677584	0	0	1	0	0	1	1	0	0	1	1	0	0	1	1	0	0	1	1	1	0	0	0	1	1	0	0	1	1	1	0	0	0	1	0	0	0	0	0	0	0	1	1	1	0	0	0	1	1	1	1	1	0	0	1	0	0	1	1	1	0	NA	NA	1	0	0	0	1	0	1	0	0	0	0	1	1	0	0	0	1	1	0	0	1	1	0	0	0	1	0	0	0	0	0	0	0	0	0	0	1	0	1	0	0	1	0	1	0	1	0	0	1	0	1	0	0	0	0
Ossetian_(Iron)	44.675689	43.043802	1	1	1	1	1	1	1	1	1	1	1	1	1	1	1	1	1	1	1	1	NA	0	0	1	1	0	0	0	1	0	0	0	1	1	0	0	0	0	0	0	0	0	0	0	1	1	1	1	1	1	0	1	0	1	1	0	0	0	1	1	0	NA	NA	0	1	1	1	1	0	1	0	0	0	0	1	1	0	0	1	0	0	0	0	1	1	0	0	1	0	1	0	0	1	0	0	1	0	0	1	0	1	0	0	0	0	1	1	0	0	1	1	0	1	0	0	0	0	1
Old_Prussian	19.900799	54.436292	0	0	1	0	0	1	1	0	0	1	1	0	0	1	1	0	0	1	1	1	0	0	0	1	1	0	0	1	1	1	1	0	0	1	1	0	0	1	0	0	0	1	1	NA	0	0	0	1	1	1	1	0	1	0	0	0	0	1	1	0	0	1	0	1	0	0	1	0	0	0	0	0	0	0	1	1	0	0	0	0	0	0	0	1	1	0	0	0	1	0	0	0	0	0	0	0	0	0	1	0	0	1	0	0	0	1	1	0	1	0	1	0	0	1	0	0	1	1
Kryz	48.086071	41.108847	0	0	1	1	0	0	1	1	0	0	1	1	1	1	1	1	1	1	1	1	0	1	0	1	0	1	0	1	0	0	0	0	1	1	0	0	0	0	0	0	1	1	1	1	1	1	1	1	1	1	1	1	0	0	1	1	0	0	1	1	0	NA	0	0	0	0	1	0	0	0	0	1	0	0	1	0	0	1	0	0	1	0	0	1	0	0	1	1	0	0	0	0	0	0	0	0	0	0	1	0	1	0	0	0	0	1	1	0	0	0	0	0	1	0	0	0	1	0
Tocharian_A	86.154785	41.760336	0	0	1	0	0	1	1	0	0	1	1	0	0	1	1	0	0	1	1	NA	NA	0	0	0	1	0	0	0	1	1	0	0	0	1	0	0	0	0	0	0	0	1	0	1	1	1	1	0	1	0	1	1	0	1	0	0	0	1	0	0	0	NA	NA	1	1	0	0	0	0	1	0	0	0	0	1	1	0	0	1	0	0	0	0	1	1	0	0	1	0	0	0	1	0	0	1	0	0	1	1	0	1	0	0	0	0	1	1	0	NA	NA	1	0	1	0	0	0	0	1
Kurdish_(Kurmanji)	43.822746	37.788081	1	1	1	0	0	1	1	1	0	0	1	0	0	1	1	1	0	0	1	1	NA	0	0	1	1	1	0	0	1	0	0	0	0	1	0	0	0	0	0	0	0	1	0	0	0	0	0	0	0	0	1	0	1	NA	0	0	0	1	0	0	0	NA	NA	0	0	1	0	0	0	0	0	0	0	0	1	1	0	0	0	0	1	0	0	1	0	0	0	0	1	0	0	0	0	0	0	0	0	0	1	0	1	0	0	0	1	0	0	1	1	0	1	0	1	0	0	0	1	0
Parachi	69.702595	34.832889	0	0	1	0	0	1	1	0	0	1	1	0	0	NA	1	0	0	0	1	1	0	0	0	1	1	0	1	0	1	0	0	0	1	1	0	0	0	0	0	0	0	0	0	0	0	0	0	0	1	0	1	1	0	0	0	1	0	1	1	0	0	0	1	0	0	1	0	0	0	0	0	0	0	0	1	1	0	0	0	0	1	0	0	1	1	0	0	1	1	0	1	1	0	1	0	0	1	0	1	0	1	0	0	0	0	1	1	0	1	0	1	0	1	0	0	0	0	0
Swiss_German	8.538354	47.36888	0	0	1	0	0	1	1	0	0	1	1	0	0	1	1	0	0	1	1	1	0	0	0	1	1	1	1	1	1	1	1	0	0	0	1	0	0	1	0	0	0	1	1	0	0	0	0	1	0	0	0	0	0	0	0	0	0	1	1	0	0	1	0	0	0	1	0	0	0	0	0	0	0	0	1	1	0	0	0	0	1	0	0	1	1	0	0	0	1	0	0	1	0	1	0	0	1	0	1	0	0	0	1	0	0	1	1	0	1	0	1	0	1	0	0	0	1	1
Svan	42.523092	42.992369	0	1	1	0	0	1	1	1	0	1	0	1	1	1	1	1	1	1	1	1	0	0	0	1	1	0	0	1	1	0	0	0	0	1	0	0	0	0	0	0	NA	0	0	0	0	1	0	1	1	1	NA	1	0	0	0	0	0	0	0	1	0	NA	0	0	0	0	0	1	0	1	0	0	1	0	0	0	1	0	1	0	0	1	0	0	0	1	0	1	0	0	1	1	0	0	0	0	1	1	0	0	1	0	0	0	0	1	1	0	1	0	0	0	1	0	0	0	1	0
Megrelian	41.937332	42.373764	0	1	0	0	0	1	1	0	0	1	1	1	1	1	1	1	1	1	1	1	0	0	0	1	1	0	0	1	1	0	0	0	0	1	0	0	0	0	0	0	0	0	0	0	1	1	1	1	1	1	1	1	1	0	0	0	0	0	0	1	0	NA	0	0	0	0	0	1	0	1	0	0	1	0	0	0	1	0	1	0	0	1	0	0	0	1	0	1	0	0	0	0	0	0	0	0	0	0	0	0	1	0	0	0	0	1	1	0	1	0	0	0	1	0	0	0	1	0
Dutch	4.898126	52.374367	0	0	1	1	1	1	1	1	1	1	1	0	0	1	1	0	0	1	1	1	0	0	0	1	1	1	1	1	1	0	0	0	0	0	0	1	0	1	0	0	0	0	1	0	0	0	0	0	0	0	0	0	0	0	0	0	0	1	0	0	0	1	0	1	0	0	0	0	0	0	0	0	0	0	1	1	0	0	0	0	1	0	0	1	1	0	0	0	1	0	0	1	0	1	0	0	1	0	1	0	0	0	1	0	1	0	1	0	1	0	1	0	1	0	0	0	1	1
Modern_Armenian	44.527159	40.147389	1	1	1	1	1	1	1	1	1	1	1	0	0	1	1	0	0	1	1	1	NA	0	0	1	1	NA	NA	NA	NA	0	0	0	1	1	0	0	1	0	1	0	0	0	0	0	0	1	0	1	0	0	0	1	0	0	0	0	0	1	0	1	0	NA	1	0	1	0	1	0	0	1	0	0	0	0	1	1	0	0	1	0	0	0	0	1	1	0	0	1	1	0	0	0	0	0	0	0	0	0	0	1	1	1	0	0	1	0	1	0	1	0	1	1	1	1	0	0	1	1
Faroese	-6.773322	62.009754	0	0	1	0	0	1	1	0	0	1	1	0	0	1	1	0	0	1	1	1	0	0	0	1	1	1	1	1	1	1	1	0	0	1	1	0	0	0	1	0	0	1	1	1	0	0	1	1	1	1	1	0	0	0	0	0	0	1	1	0	0	1	0	NA	0	0	0	0	0	0	0	0	0	0	1	1	0	0	0	0	1	0	0	1	1	0	0	0	1	0	0	0	0	0	0	0	0	0	0	1	0	0	1	0	1	0	1	0	1	0	0	1	0	0	1	0	1	1
Czech	14.468136	50.071244	0	0	1	0	0	1	1	0	0	1	1	0	0	1	1	0	0	1	1	1	0	0	0	1	1	0	0	1	1	1	0	0	0	1	0	0	0	0	0	0	0	1	1	1	0	0	0	1	1	1	1	1	1	0	0	0	0	1	1	1	0	NA	NA	1	0	0	0	1	0	1	0	0	0	0	1	1	0	0	1	1	0	0	0	1	1	0	0	0	1	0	1	1	0	1	1	0	1	1	0	1	0	1	0	0	0	1	1	0	1	0	0	1	0	1	0	0	0	1
Spanish	-3.703482	40.416881	0	0	1	1	1	1	1	1	1	1	1	0	0	1	1	0	0	1	1	1	0	0	0	1	1	0	0	1	1	0	0	0	0	0	0	1	0	1	0	0	0	1	0	1	0	0	0	0	0	0	0	0	0	0	0	0	0	1	0	0	0	1	1	1	0	0	1	0	0	1	0	0	NA	0	NA	0	0	0	0	0	0	0	0	0	0	0	0	0	1	0	1	0	0	0	1	0	0	1	0	1	0	1	0	0	1	0	0	1	1	0	0	1	0	1	0	0	1	0
Khwarshi	46.059437	42.319463	0	0	1	1	0	0	1	1	0	0	1	1	0	0	1	1	0	0	1	1	1	1	0	0	1	1	0	0	1	0	0	0	0	1	0	0	0	0	0	0	1	1	1	1	1	1	1	1	1	1	1	1	1	0	1	NA	0	1	1	1	0	NA	1	1	1	0	1	0	NA	0	0	1	0	0	1	0	0	1	0	0	0	0	0	0	0	0	1	1	0	0	0	0	0	0	0	0	0	0	1	0	1	0	0	0	0	1	1	0	0	0	1	0	1	0	0	0	0	0
Baluchi	65.03622	26.27794	0	0	1	0	0	1	1	0	0	1	1	0	0	1	1	0	0	1	1	NA	0	0	0	1	1	0	0	1	1	0	0	0	1	1	0	0	1	0	1	0	0	0	0	0	0	0	1	1	1	1	1	0	1	0	0	0	0	1	1	0	0	NA	NA	1	0	0	0	0	0	1	0	0	0	0	1	1	0	0	1	0	0	0	0	1	1	0	0	1	1	0	0	0	0	0	0	0	0	0	1	0	1	0	0	0	0	1	1	0	0	1	1	0	1	0	0	0	0	0
Middle_English	-0.758622	51.313607	0	0	1	1	1	1	1	1	1	1	1	0	0	1	1	0	0	1	1	1	0	0	0	1	1	0	0	1	1	0	0	0	0	0	1	0	0	1	0	0	0	0	0	1	0	0	0	0	1	0	0	0	0	0	0	0	0	1	0	0	0	1	0	1	0	0	0	0	0	0	0	0	0	0	1	1	0	0	0	0	0	0	0	1	1	0	0	0	1	0	0	0	0	0	0	0	0	0	0	1	0	1	0	0	0	1	1	0	1	0	0	1	0	1	0	0	1	1
Upper_Sorbian	14.425442	51.179914	0	0	1	0	0	1	1	0	0	1	1	0	0	1	1	0	0	1	1	1	0	0	0	1	1	0	0	1	1	1	0	0	0	1	0	0	0	0	0	0	1	1	1	1	0	0	0	1	1	1	1	1	1	0	0	0	0	1	1	1	0	1	0	1	0	0	0	1	0	1	0	0	0	0	1	1	0	0	0	1	0	0	0	1	1	0	0	0	1	0	0	0	0	0	0	0	0	0	1	0	0	1	0	0	0	1	1	0	1	0	1	0	0	1	0	0	1	1
Romani_(Kale)	21.470967	60.972087	0	0	1	0	0	1	1	0	0	1	1	0	0	1	1	0	0	1	1	1	0	0	0	1	1	0	0	1	1	NA	1	0	0	1	0	0	0	0	0	0	0	0	0	0	1	1	1	1	1	1	1	1	1	NA	0	1	1	1	1	1	0	NA	NA	0	0	0	1	0	0	0	0	0	0	0	1	1	0	0	1	0	0	0	0	1	1	0	0	0	1	0	0	0	0	0	0	0	0	0	0	1	0	1	0	0	0	1	1	0	1	0	NA	NA	0	1	0	0	0	1
Croatian	15.992661	45.813486	0	0	1	0	0	1	1	0	0	1	1	0	0	1	1	0	0	1	1	1	0	0	0	1	1	0	0	1	1	1	0	0	0	1	1	0	0	0	0	0	0	1	1	1	0	0	0	1	1	1	1	1	1	0	0	0	0	1	1	1	0	NA	NA	1	0	0	0	0	0	1	0	0	0	0	1	1	0	0	1	1	0	0	0	1	1	0	0	0	1	1	0	0	1	0	0	1	0	0	0	1	0	1	0	0	1	0	1	0	1	0	0	1	0	1	0	0	1	1
Basque_(West)	-2.681615	42.85901	0	1	1	1	1	1	1	1	0	1	0	1	1	1	1	1	0	1	0	1	0	0	0	1	1	1	0	1	0	0	0	0	1	0	0	0	1	0	0	0	0	0	0	0	1	1	1	1	1	1	1	1	0	0	1	1	0	1	1	1	0	NA	1	0	1	0	0	0	1	1	0	0	1	0	0	0	0	0	1	0	0	1	0	0	0	1	0	1	0	0	0	0	0	0	0	0	0	0	1	0	1	0	0	0	0	1	0	1	0	1	1	0	1	0	0	0	1	0
Kurdish_(Sorani)	45.728512	35.821161	0	1	1	1	1	1	1	1	0	0	1	0	0	1	1	1	0	0	1	1	NA	0	0	1	1	1	0	0	1	0	0	0	0	0	1	0	1	0	1	0	0	0	0	0	0	0	0	0	0	0	0	0	1	0	0	0	0	0	0	0	0	NA	NA	0	0	0	0	0	0	0	0	0	0	0	1	1	0	0	0	0	0	0	0	1	0	0	0	0	1	0	1	0	0	1	0	0	1	0	1	0	1	0	0	0	1	0	0	1	1	0	1	0	1	0	0	0	0	0
Romani_(Burgenland)	16.377534	47.193164	0	0	1	0	0	1	1	0	0	1	1	0	0	1	1	0	0	1	1	1	0	0	0	1	1	0	0	1	1	1	1	0	0	1	0	1	0	1	0	0	0	1	0	1	1	1	1	1	1	1	1	1	1	0	0	1	1	1	1	1	0	1	NA	0	0	0	1	0	0	0	0	0	0	0	1	1	0	0	1	0	0	0	0	1	1	0	0	0	1	0	0	0	0	0	0	0	0	0	1	0	1	0	0	0	0	1	1	0	1	0	NA	NA	1	0	0	0	0	1
Scandoromani	13.158622	59.481307	1	1	1	1	1	1	1	1	1	1	1	0	0	1	1	0	0	1	1	1	0	1	1	1	1	1	1	1	1	0	0	0	1	1	1	0	0	0	1	0	0	1	1	1	0	0	0	0	1	0	0	0	0	0	0	0	0	1	0	0	0	NA	NA	1	0	0	0	0	0	0	0	1	0	0	1	1	0	0	0	0	1	0	0	1	1	0	0	0	1	0	0	1	NA	NA	NA	NA	NA	NA	0	1	0	0	1	0	0	1	1	0	1	0	0	1	0	1	0	0	0	1
Lezgian	48.038979	41.553811	0	0	1	1	0	1	0	1	0	1	0	1	0	1	0	1	0	1	0	1	0	1	1	1	1	1	1	1	1	0	0	0	1	1	0	0	0	0	0	0	0	0	0	0	1	1	1	1	1	1	1	1	0	0	0	0	0	1	1	1	0	NA	0	0	1	0	1	0	0	0	0	1	0	0	1	1	0	0	0	0	1	0	0	1	1	0	0	1	0	0	0	0	0	0	0	0	0	0	1	0	1	0	0	0	0	1	1	0	0	0	0	0	1	0	0	0	1	0
Frisian	5.795597	53.20394	0	0	1	1	1	1	1	1	1	1	1	0	0	1	1	0	0	1	1	0	0	0	0	1	1	0	0	1	1	0	0	0	0	0	1	0	0	1	0	0	0	0	1	0	0	0	0	0	0	0	0	0	0	0	0	0	0	1	0	0	0	1	0	1	0	0	0	0	0	0	0	0	0	0	1	1	0	0	0	0	0	0	0	1	1	0	0	0	1	0	0	1	0	1	0	0	1	0	1	0	0	0	1	0	1	0	1	0	1	0	1	0	1	0	0	0	1	1
Old_Saxon	8.806043	53.07585	0	0	1	0	0	1	1	0	0	1	1	0	0	1	1	0	0	1	1	0	0	0	0	1	1	0	0	1	1	1	1	0	0	1	1	0	0	1	0	0	0	1	1	NA	0	0	0	1	1	1	1	0	0	0	0	0	0	1	1	0	0	1	0	1	0	0	0	0	0	0	0	0	0	0	1	1	0	0	0	0	0	0	0	1	1	0	0	0	1	0	0	0	0	0	0	0	0	0	1	0	0	0	1	0	1	0	1	0	1	0	NA	NA	1	0	0	0	NA	1
Bulgarian	23.3535	42.698586	0	0	1	1	1	1	1	1	1	1	1	0	0	1	1	0	0	1	1	1	0	0	0	1	1	0	0	1	1	0	0	0	0	0	0	1	0	0	0	0	0	1	1	1	0	0	0	0	0	0	0	0	1	0	0	0	0	1	1	0	0	NA	NA	1	0	1	0	0	0	1	0	0	0	0	1	1	0	0	0	0	0	0	0	1	1	0	0	0	1	0	0	1	0	0	0	0	0	1	0	0	0	1	0	0	1	0	1	0	1	0	0	1	0	1	0	0	0	0
Batsbi	45.647358	41.857397	0	1	1	0	0	1	1	1	0	1	0	1	1	1	1	1	1	1	1	1	1	1	0	1	0	1	0	1	1	0	0	0	1	1	0	0	0	0	0	0	1	1	0	1	1	1	1	1	1	1	1	1	0	0	NA	0	0	1	1	1	0	0	0	0	0	0	0	1	NA	NA	NA	NA	NA	NA	NA	NA	NA	NA	1	0	0	1	0	0	0	1	1	1	0	0	0	0	0	0	0	0	0	0	1	0	1	0	0	0	0	1	1	0	1	1	0	1	1	0	0	0	1	0
Italian	12.385145	43.115956	0	0	1	1	1	1	1	1	1	1	1	0	0	1	1	0	0	1	1	1	0	0	0	1	1	0	0	1	1	0	0	0	0	0	0	1	0	1	0	0	0	1	0	1	0	0	0	0	0	0	0	0	0	0	0	0	0	1	0	0	0	1	1	NA	0	0	1	0	0	1	0	0	0	0	1	1	0	0	1	0	0	0	0	1	1	0	0	0	1	0	1	0	0	0	1	0	0	1	0	1	0	1	0	0	1	0	0	1	1	0	0	1	0	1	0	0	0	1
Ashkun	70.791057	35.255909	0	1	1	0	0	1	1	1	0	0	1	0	0	1	1	1	0	0	1	1	0	0	0	1	1	1	0	0	1	0	0	0	1	1	0	0	0	0	0	0	0	1	0	NA	0	0	0	1	0	0	1	1	0	0	0	1	0	1	1	0	0	NA	NA	0	0	0	1	0	0	1	0	0	0	0	1	1	0	0	0	0	1	0	0	1	0	1	0	1	0	0	0	0	0	0	0	0	0	0	1	0	1	0	0	0	0	1	1	0	NA	NA	1	0	1	0	0	0	1	0
Friulian	13.485001	46.127028	0	0	1	1	1	1	1	1	1	1	1	0	0	1	1	0	0	1	1	1	0	0	0	1	1	0	0	1	1	0	0	0	0	0	0	NA	0	1	0	0	0	1	0	1	0	0	0	0	0	0	0	0	0	0	0	0	0	1	1	0	0	1	NA	NA	NA	NA	1	NA	0	0	0	0	0	0	1	1	0	0	0	0	0	0	0	1	1	0	0	0	1	0	1	0	0	0	1	0	0	1	NA	NA	0	1	0	0	1	0	0	1	1	0	NA	NA	0	1	0	0	NA	NA
Pali	83.000379	27.617895	0	0	1	0	0	1	1	0	0	1	1	0	0	1	1	0	0	1	1	NA	NA	0	0	1	1	0	0	1	1	1	1	0	0	1	0	0	0	0	0	0	0	1	1	NA	0	0	0	0	1	0	1	1	1	NA	0	0	0	1	1	1	0	NA	NA	NA	1	0	1	0	0	1	0	0	0	0	1	1	0	0	1	0	0	0	0	1	1	0	0	1	0	0	0	0	0	0	0	0	0	0	1	0	1	0	0	0	0	1	1	0	NA	NA	1	0	1	0	0	0	0	1
Assamese	91.79022	26.143538	0	0	1	0	0	0	1	0	0	0	1	0	0	1	1	0	0	1	1	NA	NA	0	0	1	1	0	0	1	1	0	NA	NA	NA	1	0	0	0	0	1	1	1	1	0	0	0	1	1	1	1	1	1	1	0	NA	0	1	0	1	1	1	0	NA	NA	0	0	0	1	0	0	0	0	0	0	0	1	1	0	0	0	0	0	0	0	1	1	0	0	1	0	0	0	0	0	0	0	0	0	0	1	0	1	0	0	0	0	1	1	0	0	1	1	0	1	0	0	0	0	0
Uyghur	87.598669	43.826194	0	0	1	0	0	1	1	0	0	1	1	0	0	1	1	0	0	1	1	1	0	0	0	1	1	0	0	1	1	0	0	0	1	1	0	0	0	0	1	0	0	0	0	0	1	1	1	1	1	1	1	1	0	0	1	1	1	1	1	1	0	NA	NA	0	0	0	1	0	0	1	0	0	0	0	1	1	0	0	1	0	0	0	0	1	1	0	0	1	0	0	0	0	0	0	0	0	0	0	1	0	1	0	0	0	0	1	1	0	NA	NA	1	0	1	0	0	0	1	0
Gothic	20.199324	53.042874	0	0	1	0	0	1	1	0	0	1	1	0	0	1	1	0	0	1	1	1	0	0	0	1	1	0	0	1	1	1	1	0	0	1	1	0	0	1	0	0	0	1	1	1	0	0	0	1	1	1	1	0	1	0	0	0	0	1	1	0	0	1	0	1	0	0	0	0	0	0	0	0	0	0	1	1	0	0	0	0	0	0	0	1	1	0	0	0	1	0	0	0	0	0	0	0	0	0	1	0	1	0	0	0	1	0	0	1	1	0	1	0	1	0	0	0	0	1
Norwegian_(Bokmål)	10.740802	59.912785	0	0	1	1	1	1	1	1	1	1	1	0	0	1	1	0	0	1	1	1	0	1	1	1	1	1	1	1	1	0	0	0	0	0	1	0	0	0	1	0	0	1	1	1	0	0	0	0	0	0	0	0	0	0	0	0	0	1	0	0	0	1	0	1	0	0	0	0	0	0	0	1	0	0	1	1	0	0	0	0	1	0	0	1	1	0	0	0	1	0	0	0	0	0	0	0	0	0	0	1	0	0	1	0	0	1	1	0	1	0	0	1	0	1	0	0	1	1
Romani_(Lovara)	23.090199	47.401544	0	0	1	0	0	1	1	0	0	1	1	0	0	1	1	0	0	1	1	1	0	0	0	1	1	0	0	1	1	1	1	0	0	1	0	1	0	1	0	0	0	1	0	NA	1	1	1	1	1	1	1	1	1	0	0	1	1	1	1	1	0	NA	NA	0	0	0	1	0	0	0	0	0	0	0	1	1	0	0	0	0	0	0	0	1	1	0	0	0	1	NA	NA	NA	NA	NA	NA	NA	NA	NA	NA	NA	0	1	0	0	0	1	1	0	1	0	0	1	0	1	0	0	0	1
Sogdian	66.962682	39.646576	0	0	1	0	0	1	1	0	0	1	1	0	0	1	1	0	0	1	1	NA	NA	0	0	1	1	0	0	1	1	1	0	0	1	1	0	1	0	1	0	0	0	1	1	NA	0	0	0	1	1	0	1	1	1	0	0	0	0	1	0	0	0	NA	NA	0	0	1	0	0	0	1	0	0	0	0	1	1	0	0	1	0	0	0	0	1	1	0	0	1	1	1	0	0	1	0	0	1	0	0	1	0	1	0	0	0	0	1	1	0	1	0	1	0	1	0	0	0	0	1
Angloromani	-2.355272	53.779521	1	1	1	1	1	1	1	1	1	1	1	1	1	1	1	1	1	1	1	NA	NA	0	0	1	1	1	1	1	1	0	0	0	0	0	0	1	0	1	0	0	0	0	0	0	0	0	0	0	1	0	0	0	0	0	0	0	0	0	0	0	0	NA	NA	1	0	0	0	0	0	0	0	0	0	0	1	1	0	0	0	0	1	0	0	1	1	0	0	0	1	0	0	0	0	0	0	0	0	0	0	1	0	1	0	0	0	1	1	0	1	0	0	1	0	1	0	0	NA	NA
Albanian_(Tosk)	19.988251	40.446947	0	0	1	0	0	1	1	0	0	1	1	0	0	1	1	0	0	1	1	1	0	0	0	1	1	0	0	1	1	0	1	0	0	1	0	1	0	0	0	0	0	1	0	1	0	0	0	1	1	0	1	1	0	0	0	0	0	1	1	1	0	NA	NA	0	0	1	0	0	0	0	0	0	1	0	0	0	1	0	1	0	0	1	0	0	0	1	0	0	1	0	1	0	0	0	0	0	0	0	0	0	0	1	0	0	1	0	0	1	1	0	NA	NA	0	1	0	0	0	1
Nepali	89.243625	26.659702	0	0	1	0	0	0	1	0	0	0	1	0	0	1	1	0	0	0	1	NA	NA	0	0	0	1	0	0	0	1	1	0	0	0	1	0	0	0	0	0	0	0	0	0	0	0	1	1	0	1	1	1	1	0	0	0	1	1	1	0	1	0	NA	NA	NA	1	0	1	0	0	1	0	0	0	0	1	1	0	0	1	0	0	0	0	1	1	0	0	1	0	0	0	0	0	0	0	0	0	0	1	0	1	0	0	0	0	1	1	0	0	1	1	0	1	0	0	0	1	0
Finnish	24.941099	60.173335	0	0	1	0	0	1	1	0	0	1	1	0	0	1	1	0	0	1	1	1	0	0	0	1	1	0	0	1	1	1	0	0	0	1	0	0	0	0	0	0	0	0	0	0	1	1	0	0	1	0	1	1	0	0	1	0	0	1	1	1	0	NA	NA	1	0	0	0	0	0	1	0	0	0	0	1	1	0	0	1	0	0	0	0	1	1	0	0	1	0	0	0	0	0	0	0	0	0	0	0	1	0	1	0	0	0	1	1	0	1	0	0	1	0	1	0	0	0	1
Elfdalian	14.040485	61.225938	0	0	1	0	0	1	1	0	0	1	1	0	0	1	1	0	0	1	1	1	0	0	0	1	1	0	0	1	1	1	1	0	0	1	1	0	0	0	1	0	0	1	1	1	0	0	1	1	1	1	1	0	1	0	0	0	0	1	0	0	0	NA	0	1	0	0	0	0	0	0	0	0	0	0	1	1	0	0	0	0	0	0	0	1	1	0	0	0	1	0	0	0	0	0	0	0	0	0	0	1	0	0	1	0	1	1	1	0	1	0	0	1	0	0	1	0	1	1
Kati	71.314571	35.799992	0	1	1	0	0	1	1	1	0	0	1	0	0	1	1	1	0	0	1	1	0	0	0	1	1	1	0	0	1	0	0	0	1	1	0	0	0	0	0	0	0	1	0	NA	0	0	1	0	1	0	1	0	1	0	0	1	0	1	0	0	0	NA	NA	0	1	0	1	0	0	1	0	0	0	0	1	1	0	0	0	0	1	0	0	1	0	1	1	1	0	0	0	0	0	0	0	0	0	0	1	0	1	0	0	0	0	1	1	0	NA	NA	1	0	NA	NA	NA	NA	0	0
Scottish_Gaelic	-7.368974	57.16276	0	0	1	0	0	1	1	1	1	1	1	0	0	1	1	1	1	1	1	1	0	1	1	1	1	1	1	1	1	1	1	0	0	1	1	0	0	1	0	0	0	1	0	0	0	0	0	1	1	1	0	0	1	1	0	0	0	0	0	0	0	0	1	0	0	0	1	0	0	0	0	1	0	0	1	1	0	0	0	0	1	0	0	1	1	0	0	0	1	0	0	0	0	0	0	0	0	1	1	0	0	0	0	1	1	0	0	1	1	0	0	1	0	0	0	1	1	1
Classical_Greek	23.999205	37.696861	0	0	1	0	0	1	1	0	0	1	1	0	0	1	1	0	0	1	1	1	0	0	0	1	1	0	0	1	1	1	1	0	0	1	0	1	0	1	0	0	0	1	1	1	0	0	0	1	1	1	1	0	1	0	0	0	0	1	0	0	0	1	0	0	1	0	0	0	0	1	0	0	0	0	0	0	0	0	1	0	0	0	0	0	0	0	0	0	1	0	1	1	0	1	1	0	1	1	1	1	1	0	0	0	1	1	1	1	1	0	1	1	1	0	0	0	0	1
Romani_(Sepečides)	27.131666	38.392804	0	0	1	0	0	1	1	0	0	1	1	0	0	1	1	0	0	1	1	1	0	0	0	1	1	0	0	1	1	1	1	0	0	1	0	1	0	1	0	0	0	1	0	NA	1	1	1	1	1	1	1	1	1	0	0	1	1	1	1	1	0	NA	NA	0	0	1	0	0	0	0	0	0	0	0	1	1	0	0	1	0	0	0	0	1	1	0	0	0	1	0	0	0	0	0	0	0	0	0	NA	NA	0	1	0	0	0	1	1	0	1	0	0	1	0	0	0	1	0	1
Old_Dutch	5.123259	52.09095	0	0	1	0	0	1	1	0	0	1	1	0	0	1	1	0	0	1	1	NA	NA	0	0	1	1	0	0	1	1	1	1	0	0	1	NA	NA	0	1	0	0	0	1	1	NA	0	0	0	1	1	1	1	0	0	0	0	0	0	1	1	0	0	NA	0	1	0	0	0	0	0	0	0	0	0	0	1	1	0	0	0	0	0	0	0	1	1	0	0	0	1	0	0	0	0	0	0	NA	NA	NA	NA	NA	NA	NA	NA	NA	NA	NA	1	0	NA	NA	NA	NA	NA	NA	NA	NA	NA	NA
Old_Georgian	44.708626	41.840144	0	1	1	0	0	1	1	1	0	1	0	1	1	1	1	1	1	1	1	1	0	0	0	1	1	0	0	1	1	0	0	0	0	1	0	0	0	0	0	0	0	0	0	0	1	1	0	1	1	1	1	1	1	0	0	0	0	0	0	1	0	NA	0	0	0	0	0	1	0	1	0	0	1	0	0	0	1	0	1	0	0	1	0	0	0	1	0	1	0	0	0	0	0	0	0	0	0	0	0	0	0	1	0	0	1	0	1	0	1	0	0	0	0	1	0	0	1	0
Konkani	72.871066	19.262081	0	1	1	0	0	1	1	1	0	0	1	0	0	1	1	1	0	0	1	NA	NA	0	0	1	1	1	0	0	1	0	0	0	1	1	0	0	0	0	0	0	0	1	1	0	0	1	1	1	1	1	1	1	0	0	0	1	1	1	0	1	0	NA	NA	0	1	0	1	0	0	0	0	0	0	0	1	1	0	0	0	0	1	0	0	1	0	0	1	1	0	0	0	0	0	0	0	0	0	0	1	0	1	0	0	0	0	1	1	0	NA	NA	1	0	1	0	0	0	1	0
Low_German	9.488653	53.931994	0	0	1	0	0	1	1	0	0	1	1	0	0	1	1	0	0	1	1	1	0	0	0	1	1	0	0	1	1	1	1	0	0	0	1	0	0	1	0	0	0	1	1	0	0	0	0	0	0	0	1	0	0	0	0	0	0	1	0	0	0	1	0	1	0	0	0	0	0	0	0	0	0	0	1	1	0	0	0	0	0	0	0	1	1	0	0	0	1	0	0	1	0	0	0	0	0	0	1	0	0	0	1	0	1	1	1	0	1	0	1	0	1	0	0	0	1	1
Avestan	55.9499	31.70708	0	0	1	0	0	1	1	0	0	1	1	0	0	1	1	0	0	1	1	NA	NA	0	0	1	1	0	0	1	1	1	0	0	0	1	0	0	0	0	0	0	0	1	1	NA	1	0	0	1	1	1	1	1	1	0	0	0	0	1	1	1	0	NA	NA	0	0	0	1	0	0	1	0	0	0	0	1	1	0	0	1	0	0	0	0	1	1	0	0	0	1	1	0	0	1	0	0	1	0	0	1	0	1	0	0	0	0	1	1	0	1	0	1	0	1	0	0	0	0	1
Uzbek	69.259442	41.295441	0	0	1	0	0	1	1	0	0	1	1	0	0	1	1	0	0	1	1	NA	NA	0	0	1	1	0	0	1	1	0	0	0	1	1	0	0	0	0	1	0	0	0	0	0	0	1	1	1	1	1	1	1	0	0	0	1	0	1	1	1	0	NA	NA	0	0	0	1	0	0	1	0	0	0	0	1	1	0	0	1	0	0	0	0	1	1	0	0	1	0	0	0	0	0	0	0	0	0	0	1	0	1	0	0	0	0	1	1	0	NA	NA	1	0	1	0	0	0	1	0
Kashmiri	75.939182	34.322996	0	1	1	1	1	1	1	1	0	0	1	1	1	1	1	1	0	0	1	1	NA	0	0	1	1	1	0	0	1	0	0	0	1	1	0	0	0	0	0	0	0	1	0	1	0	0	0	1	0	0	1	1	1	0	0	0	0	1	1	1	0	NA	NA	0	0	0	1	0	0	0	1	0	0	0	1	1	0	0	0	0	1	0	0	1	0	0	1	1	0	0	0	1	0	1	0	0	1	0	1	0	0	0	1	0	0	1	1	0	1	0	1	0	1	0	0	0	1	0
Swedish	17.438718	59.73823	0	0	1	1	1	1	1	1	1	1	1	0	0	1	1	0	0	1	1	1	0	1	1	1	1	1	1	1	1	0	0	0	0	0	1	0	0	0	1	0	0	0	1	1	0	0	0	0	0	0	0	0	0	0	0	0	0	1	0	0	0	1	0	1	0	0	0	0	0	0	0	1	0	0	1	1	0	0	0	0	1	0	0	1	1	0	0	0	1	0	0	0	0	0	0	0	0	0	0	1	0	0	1	0	0	1	1	0	1	0	0	1	0	1	0	0	1	1
Walloon	4.865382	50.464478	0	0	1	1	1	1	1	1	1	1	1	0	0	1	1	0	0	1	1	1	0	0	0	1	1	0	0	1	1	0	0	0	0	0	0	1	0	1	0	0	0	1	0	1	0	0	0	0	0	0	0	0	0	0	0	0	0	1	0	0	0	1	0	1	0	0	1	0	0	0	0	0	0	0	1	1	0	0	0	0	0	0	0	1	1	0	0	0	1	0	1	0	0	1	0	0	1	0	0	1	0	1	0	0	1	0	1	0	1	0	0	1	0	1	0	0	0	1
